parity,EO bias
0.1584298410988419,0.17917054830167994
0.1584298410988419,0.17917054830167994
0.1584298410988419,0.17917054830167994
