parity,EO bias
0.28878335594753507,0.27094543136559346
