time_taken_seconds,iteration
,0
,1
,2
,3
,4
,5
,6
,7
,8
,9
,10
,11
,12
,13
,14
,15
,16
,17
,18
,19
,20
,21
,22
,23
,24
,25
,26
,27
,28
6479.805083990097,
,0
,1
,2
,3
,4
,5
,6
,7
,8
,9
,10
,11
,12
,13
,14
,15
,16
,17
,18
,19
,20
,21
,22
,23
,24
,25
,26
,27
,28
7784.42017531395,
