parity,EO bias
0.1341692789968652,0.1717506238452864
