parity,EO bias
0.307794030334107,0.24698923559560992
