parity,EO bias
0.14023270611762567,0.15836073416580515
