time_taken_seconds,iteration
,0
,1
,2
,3
,4
,5
,6
,7
,8
,9
,10
,11
,12
,13
,14
,15
,16
,17
,18
,19
,20
,21
,22
,23
,24
,25
,26
,27
,28
495.41247153282166,
,0
,1
,2
,3
,4
,5
,6
,7
,8
,9
,10
,11
,12
,13
,14
,15
,16
,17
,18
,19
,20
,21
,22
,23
,24
,25
,26
,27
,28
188.20497584342957,
