time_taken_seconds,iteration
,0
,1
,2
,3
,4
,5
,6
,7
,8
,9
,10
,11
,12
,13
,14
,15
,16
,17
,18
,19
,20
,21
,22
,23
,24
,25
,26
,27
,28
250.52390336990356,
,0
,1
,2
,3
,4
,5
,6
,7
,8
,9
,10
,11
,12
,13
,14
,15
,16
,17
,18
,19
,20
,21
,22
,23
,24
,25
,26
,27
,28
188.25301051139832,
,0
,1
,2
,3
,4
,5
,6
,7
,8
,9
,10
,11
,12
,13
,14
,15
,16
,17
,18
,19
,20
,21
,22
,23
,24
,25
,26
,27
,28
169.45023393630981,
