parity,EO bias
0.08150470219435735,0.1036682082275
